Symptoms,Species,Disease
My cat has patches with no fur on its skin.,Cat,cat_ringworm
Sores are flaky cat’s on back.. ring-shaped visible my,Cat,cat_ringworm
"Cat's appeared scaly my paws. red, on ears lesions and",Cat,cat_ringworm
My has with cat skin persistent loss. patchy hair irritation,Cat,cat_ringworm
The cat has round hairless spots on its skin..,Cat,cat_ringworm
The cat has constant itching with patchy hair loss.,Cat,cat_ringworm
Flaky visible ring-shaped sores on cat’s back.. are my,Cat,cat_ringworm
My cat has persistent skin irritation with patchy hair loss..,Cat,cat_ringworm
The cat has round hairless spots on its skin.,Cat,cat_ringworm
"Red, scaly lesions appeared on my cat's ears and paws.",Cat,cat_ringworm
Flaky ring-shaped sores are visible on my cat’s back..,Cat,cat_ringworm
My cat has constant itching with patchy hair loss..,Cat,cat_ringworm
"Red, on and my lesions paws.. cat's scaly appeared ears",Cat,cat_ringworm
My cat has constant itching with patchy hair loss.,Cat,cat_ringworm
Skin loss. cat persistent irritation the with hair patchy has,Cat,cat_ringworm
My cat has round hairless spots on its skin.,Cat,cat_ringworm
My cat has patches with no fur on its skin..,Cat,cat_ringworm
The cat has bald ring-shaped areas on its skin..,Cat,cat_ringworm
My has loss. cat hair with patchy itching constant,Cat,cat_ringworm
The fur patches cat its on has skin. no with,Cat,cat_ringworm
The cat has persistent skin irritation with patchy hair loss.,Cat,cat_ringworm
With cat patchy my hair skin persistent loss. has irritation,Cat,cat_ringworm
On visible my are ring-shaped flaky sores cat’s back..,Cat,cat_ringworm
My its on skin.. round cat has spots hairless,Cat,cat_ringworm
The cat has constant itching with patchy hair loss..,Cat,cat_ringworm
On the hairless has skin. spots cat its round,Cat,cat_ringworm
Hair has patchy itching my with constant cat loss.,Cat,cat_ringworm
Ring-shaped on cat’s my flaky back. are sores visible,Cat,cat_ringworm
"Paws. and ears red, lesions on scaly appeared my cat's",Cat,cat_ringworm
Patches skin. fur on cat no has my with its,Cat,cat_ringworm
"Red, scaly lesions appeared on my cat's ears and paws..",Cat,cat_ringworm
Back. cat’s sores visible ring-shaped on are my flaky,Cat,cat_ringworm
My cat has bald ring-shaped areas on its skin.,Cat,cat_ringworm
My cat has frequent scratching with patchy hair loss..,Cat,cat_ringworm
Patchy loss.. itching has cat hair with constant the,Cat,cat_ringworm
Back. sores are my cat’s on ring-shaped visible flaky,Cat,cat_ringworm
Scratching has hair cat the loss.. with patchy frequent,Cat,cat_ringworm
The cat has bald ring-shaped areas on its skin.,Cat,cat_ringworm
Flaky ring-shaped sores are visible on my cat’s back.,Cat,cat_ringworm
The cat has frequent scratching with patchy hair loss.,Cat,cat_ringworm
"And scaly appeared red, cat's ears on lesions paws. my",Cat,cat_ringworm
My cat has frequent scratching with patchy hair loss.,Cat,cat_ringworm
My cat has persistent skin irritation with patchy hair loss.,Cat,cat_ringworm
The cat has patches with no fur on its skin..,Cat,cat_ringworm
"Red, scaly paws. ears lesions cat's my appeared on and",Cat,cat_ringworm
The cat has persistent skin irritation with patchy hair loss..,Cat,cat_ringworm
Fur has with no skin. on the its patches cat,Cat,cat_ringworm
With patchy irritation loss. persistent cat hair the has skin,Cat,cat_ringworm
Back. sores my visible are ring-shaped cat’s flaky on,Cat,cat_ringworm
The cat has patches with no fur on its skin.,Cat,cat_ringworm
Tiny bumps and hair shedding around the cat's face and neck..,Cat,cat_scabies
My seems skin its uncomfortable.. and cat rubbing keeps,Cat,cat_scabies
Tiny bumps and hair shedding around the cat's face and neck.,Cat,cat_scabies
Tiny bumps and missing patches of fur around the cat's face and neck..,Cat,cat_scabies
Tiny bumps and fur falling off around the cat's face and neck..,Cat,cat_scabies
Tiny bumps and missing patches of fur around the cat's face and neck.,Cat,cat_scabies
And skin the uncomfortable. cat rubbing its keeps seems,Cat,cat_scabies
"Red, inflamed areas are showing up on my cat's body..",Cat,cat_scabies
My on severe crusty skin patches and irritation skin. cat's,Cat,cat_scabies
"Are on cat's body. inflamed showing red, my areas up",Cat,cat_scabies
"Areas are on body. my red, showing cat's inflamed up",Cat,cat_scabies
Cat's on scratching my persistent crusty severe and skin.. patches,Cat,cat_scabies
My cat and its skin rubbing uncomfortable. seems keeps,Cat,cat_scabies
"Up areas red, are cat's showing body. my inflamed on",Cat,cat_scabies
The cat keeps rubbing its skin and seems uncomfortable..,Cat,cat_scabies
"Red, inflamed showing cat's body.. on areas are my up",Cat,cat_scabies
Severe skin.. cat's and crusty on skin irritation patches my,Cat,cat_scabies
Skin.. patches and on scratching persistent severe my cat's crusty,Cat,cat_scabies
Hair cat's and around bumps neck. face shedding the and tiny,Cat,cat_scabies
"On red, cat's areas up my are inflamed showing body.",Cat,cat_scabies
Crusty patches and severe persistent scratching on my cat's skin.,Cat,cat_scabies
On skin.. severe discomfort crusty constant cat's my and patches,Cat,cat_scabies
"Up body. on red, are inflamed my cat's areas showing",Cat,cat_scabies
The cat keeps rubbing its skin and seems uncomfortable.,Cat,cat_scabies
Tiny cat's and neck.. the face around and shedding bumps hair,Cat,cat_scabies
Skin its rubbing uncomfortable. the cat seems and keeps,Cat,cat_scabies
And cat uncomfortable.. skin seems keeps rubbing the its,Cat,cat_scabies
Seems and my skin rubbing uncomfortable. keeps cat its,Cat,cat_scabies
Fur of bumps and face missing the neck. cat's tiny and around patches,Cat,cat_scabies
Shedding tiny hair bumps around cat's neck. face the and and,Cat,cat_scabies
My cat keeps rubbing its skin and seems uncomfortable.,Cat,cat_scabies
Rubbing its seems skin and cat uncomfortable. the keeps,Cat,cat_scabies
Crusty patches and severe constant discomfort on my cat's skin.,Cat,cat_scabies
"On cat's areas are showing body. inflamed my red, up",Cat,cat_scabies
Discomfort constant skin.. and crusty cat's severe my on patches,Cat,cat_scabies
Patches of and the and tiny neck. around bumps missing face fur cat's,Cat,cat_scabies
Bumps and cat's the hair and neck. tiny face around shedding,Cat,cat_scabies
My cat keeps rubbing its skin and seems uncomfortable..,Cat,cat_scabies
"Body. are cat's my areas inflamed up on showing red,",Cat,cat_scabies
Crusty patches and severe skin irritation on my cat's skin..,Cat,cat_scabies
Crusty patches and severe skin irritation on my cat's skin.,Cat,cat_scabies
Keeps seems and skin uncomfortable. the rubbing cat its,Cat,cat_scabies
And skin cat my seems keeps its rubbing uncomfortable..,Cat,cat_scabies
And the its seems rubbing skin keeps cat uncomfortable.,Cat,cat_scabies
Tiny bumps and fur falling off around the cat's face and neck.,Cat,cat_scabies
"Red, inflamed areas are showing up on my cat's body.",Cat,cat_scabies
Face the and around of missing and cat's bumps patches fur neck. tiny,Cat,cat_scabies
Fur face bumps neck.. cat's around off the and falling and tiny,Cat,cat_scabies
Cat uncomfortable. and seems the rubbing keeps skin its,Cat,cat_scabies
Crusty patches and severe persistent scratching on my cat's skin..,Cat,cat_scabies
Patches near swelling belly. and appear the flaky,Cat,dermatitis
"Red, itchy skin is making my cat restless.",Cat,dermatitis
Cat scratches licks and the particular spot. a constantly,Cat,dermatitis
"Red, is making itchy my skin cat restless.",Cat,dermatitis
"Making red, restless. cat is itchy skin my",Cat,dermatitis
Small bumps are visible on the legs and tail area..,Cat,dermatitis
"Is skin making cat my itchy restless. red,",Cat,dermatitis
Small bumps are visible on the legs and tail area.,Cat,dermatitis
"Itchy my making is skin red, restless. cat",Cat,dermatitis
The cat constantly licks and scratches a particular spot.,Cat,dermatitis
Constantly cat a scratches the licks and spot. particular,Cat,dermatitis
Constantly the licks scratches a and cat particular spot..,Cat,dermatitis
"Red, restless. is making cat skin itchy my",Cat,dermatitis
"Cat red, restless. skin my itchy making is",Cat,dermatitis
Flaky the appear near and belly. patches swelling,Cat,dermatitis
The cat constantly licks and scratches a particular spot..,Cat,dermatitis
Flaky patches and swelling appear near the belly..,Cat,dermatitis
"Red, making restless. my is itchy skin cat",Cat,dermatitis
"Is skin restless. red, my itchy cat making",Cat,dermatitis
"Red, itchy skin is making my cat restless..",Cat,dermatitis
And appear belly. flaky near the swelling patches,Cat,dermatitis
"Is restless.. making skin cat itchy my red,",Cat,dermatitis
Legs on area. bumps small and visible the are tail,Cat,dermatitis
And the belly. swelling flaky appear patches near,Cat,dermatitis
And patches swelling belly. appear flaky near the,Cat,dermatitis
Patches and appear the swelling flaky belly. near,Cat,dermatitis
"Skin my itchy red, is cat making restless..",Cat,dermatitis
"Red, skin cat my itchy making is restless.",Cat,dermatitis
"Itchy my restless. making skin cat is red,",Cat,dermatitis
And swelling near belly.. appear patches the flaky,Cat,dermatitis
"Red, itchy making skin restless. my cat is",Cat,dermatitis
"Skin my itchy red, cat is restless. making",Cat,dermatitis
Belly. flaky near patches swelling and appear the,Cat,dermatitis
Visible on tail are small legs bumps area. and the,Cat,dermatitis
The near patches and appear flaky swelling belly.,Cat,dermatitis
Scratches a particular cat and constantly licks the spot.,Cat,dermatitis
On and the tail bumps are area.. visible small legs,Cat,dermatitis
Small bumps on the visible are tail area.. legs and,Cat,dermatitis
Constantly scratches licks spot.. and a the particular cat,Cat,dermatitis
Patches swelling and flaky near belly. appear the,Cat,dermatitis
Bumps tail area. visible are and small on legs the,Cat,dermatitis
"My is restless. cat red, skin itchy making",Cat,dermatitis
Patches and near the swelling belly. appear flaky,Cat,dermatitis
Swelling flaky near patches and appear the belly.,Cat,dermatitis
Flaky patches and swelling appear near the belly.,Cat,dermatitis
On and small bumps tail legs are the area. visible,Cat,dermatitis
A constantly licks and particular spot. scratches the cat,Cat,dermatitis
Are the and on area. bumps legs visible tail small,Cat,dermatitis
A the and licks cat particular constantly spot. scratches,Cat,dermatitis
A the spot. cat particular constantly scratches licks and,Cat,dermatitis
With perfectly cat's health. seems fine everything my,Cat,fine
Cat and the has active is symptoms. no visible,Cat,fine
Seems fine perfectly everything with my health. cat's,Cat,fine
Fine perfectly my health. everything with seems cat's,Cat,fine
No signs of irritation or abnormal behavior in my cat.,Cat,fine
"Healthy coat, clear eyes, and normal activity in the cat..",Cat,fine
"Healthy coat, clear eyes, and normal activity in the cat.",Cat,fine
My of irritation no in abnormal behavior cat.. signs or,Cat,fine
No of behavior irritation cat. or abnormal in signs my,Cat,fine
My behavior signs cat. no or irritation abnormal of in,Cat,fine
Cat visible symptoms.. has active the no and is,Cat,fine
Or cat.. behavior no my irritation of signs in abnormal,Cat,fine
Fine health. seems everything my with perfectly cat's,Cat,fine
The cat is active and has no visible symptoms..,Cat,fine
My cat. abnormal signs in of irritation behavior or no,Cat,fine
Cat is visible active and no symptoms. my has,Cat,fine
My health.. perfectly cat's fine everything with seems,Cat,fine
Cat. in signs my behavior of or irritation abnormal no,Cat,fine
Cat's seems health. fine my with perfectly everything,Cat,fine
Visible cat my has is active symptoms.. and no,Cat,fine
"Coat, healthy the cat. clear normal eyes, in activity and",Cat,fine
"Cat. healthy in normal clear coat, and the activity eyes,",Cat,fine
Everything seems perfectly fine with my cat's health.,Cat,fine
The cat is active and has no visible symptoms.,Cat,fine
No visible active is has and cat symptoms. my,Cat,fine
Visible the cat no symptoms. active is has and,Cat,fine
In of abnormal my irritation or signs cat. no behavior,Cat,fine
No symptoms. active visible cat is and the has,Cat,fine
"The activity coat, in clear eyes, healthy and cat. normal",Cat,fine
"The normal clear coat, healthy eyes, in activity cat.. and",Cat,fine
My with fine cat's perfectly everything seems health.,Cat,fine
My cat is active and has no visible symptoms..,Cat,fine
No behavior signs irritation of my cat.. abnormal in or,Cat,fine
And has cat is my symptoms. visible no active,Cat,fine
"Clear and eyes, activity the in coat, normal cat. healthy",Cat,fine
My in behavior irritation signs no cat.. or abnormal of,Cat,fine
In of irritation behavior cat. or abnormal no my signs,Cat,fine
Cat.. irritation behavior of my abnormal in no signs or,Cat,fine
No signs of irritation or abnormal behavior in my cat..,Cat,fine
"Cat. in and activity coat, clear the healthy eyes, normal",Cat,fine
My irritation of no abnormal cat. in signs or behavior,Cat,fine
Everything fine with perfectly cat's seems health.. my,Cat,fine
Everything seems perfectly fine with my cat's health..,Cat,fine
My cat is active and has no visible symptoms.,Cat,fine
"Healthy coat, the clear cat. in normal and eyes, activity",Cat,fine
"Activity eyes, healthy and in cat. normal clear the coat,",Cat,fine
"And normal coat, cat. clear healthy the in activity eyes,",Cat,fine
Or my abnormal no signs cat. in behavior of irritation,Cat,fine
Perfectly fine with health. cat's my seems everything,Cat,fine
"Cat. eyes, healthy normal in and coat, the activity clear",Cat,fine
"Lower spots mostly the red, cat. back itchy my of on",Cat,flea_allergy
The cat bites and licks its paws all the time..,Cat,flea_allergy
In specks scratching noticed. tiny black fur; intense,Cat,flea_allergy
My cat bites and licks its paws all the time.,Cat,flea_allergy
Cat's the and forming scabs base neck tail. of on,Cat,flea_allergy
Paws time. cat the bites its licks and my all,Cat,flea_allergy
Tail. cat's base scabs of forming and the neck on,Cat,flea_allergy
On forming and scabs of base tail. cat's neck the,Cat,flea_allergy
Tiny black specks in fur; intense scratching noticed.,Cat,flea_allergy
Licks cat time.. bites paws the the all and its,Cat,flea_allergy
"Spots back lower the red, mostly on cat. my of itchy",Cat,flea_allergy
Cat its the paws all bites time. my and licks,Cat,flea_allergy
Time. licks all and the paws my cat its bites,Cat,flea_allergy
Noticed. intense tiny in specks scratching fur; black,Cat,flea_allergy
On forming scabs base and the neck of tail.. cat's,Cat,flea_allergy
Fur; scratching intense specks in black tiny noticed.,Cat,flea_allergy
"On cat.. red, itchy back mostly lower the my spots of",Cat,flea_allergy
Its time. all bites cat paws the licks my and,Cat,flea_allergy
"Red, itchy spots mostly on the lower back of my cat..",Cat,flea_allergy
Specks noticed.. black tiny intense in fur; scratching,Cat,flea_allergy
"Spots the cat. itchy of red, my lower on back mostly",Cat,flea_allergy
Tail.. of and the neck scabs forming base on cat's,Cat,flea_allergy
Scabs forming on the cat's neck and base of tail..,Cat,flea_allergy
"Cat. red, spots of on itchy mostly back my lower the",Cat,flea_allergy
And all bites the paws licks cat its the time.,Cat,flea_allergy
"Cat.. lower of itchy the my spots mostly red, back on",Cat,flea_allergy
In specks black fur; scratching intense noticed. tiny,Cat,flea_allergy
Scabs forming on the cat's neck and base of tail.,Cat,flea_allergy
In fur; intense tiny noticed.. black scratching specks,Cat,flea_allergy
"My itchy of spots cat. on lower mostly back the red,",Cat,flea_allergy
Scratching intense noticed. specks fur; in black tiny,Cat,flea_allergy
The cat bites and licks its paws all the time.,Cat,flea_allergy
In noticed. intense specks scratching black tiny fur;,Cat,flea_allergy
On tail. scabs forming neck the base of cat's and,Cat,flea_allergy
Paws cat my licks and the bites all its time.,Cat,flea_allergy
Licks paws my all cat bites its and time.. the,Cat,flea_allergy
Licks my cat bites all the its paws time. and,Cat,flea_allergy
Of neck the and tail. on forming cat's base scabs,Cat,flea_allergy
Cat's on base and neck the scabs forming of tail..,Cat,flea_allergy
Tiny black specks in fur; intense scratching noticed..,Cat,flea_allergy
Black intense in specks scratching tiny fur; noticed.,Cat,flea_allergy
"Red, itchy spots mostly on the lower back of my cat.",Cat,flea_allergy
Time. cat its and paws all licks the bites the,Cat,flea_allergy
Intense fur; in tiny noticed. scratching specks black,Cat,flea_allergy
Intense specks tiny in fur; black scratching noticed.,Cat,flea_allergy
And paws bites my cat all time. the its licks,Cat,flea_allergy
Cat the time. all bites its paws my licks and,Cat,flea_allergy
"Mostly my red, spots back lower cat. the on itchy of",Cat,flea_allergy
Neck scabs the of base and tail. forming on cat's,Cat,flea_allergy
My cat bites and licks its paws all the time..,Cat,flea_allergy
Dog has loss around hair areas. the patchy infected,Dog,Dog_Ringworm
The dog’s skin looks irritated and dry in ring patterns.,Dog,Dog_Ringworm
"Edges spots my red, bald with on scaly circular dog.",Dog,Dog_Ringworm
"On bald edges circular dog. scaly my red, with spots",Dog,Dog_Ringworm
In skin dog’s my looks ring irritated and dry patterns..,Dog,Dog_Ringworm
Looks irritated ring skin in patterns. dog’s dry the and,Dog,Dog_Ringworm
Areas. hair infected around has dog patchy the loss,Dog,Dog_Ringworm
My dog has patchy hair loss around infected areas.,Dog,Dog_Ringworm
Looks dry my and patterns. dog’s ring irritated in skin,Dog,Dog_Ringworm
Crusty round lesions appeared on the belly and back..,Dog,Dog_Ringworm
"On bald scaly with red, my edges spots circular dog.",Dog,Dog_Ringworm
Crusty round lesions appeared on the belly and back.,Dog,Dog_Ringworm
Back.. on and round lesions the crusty belly appeared,Dog,Dog_Ringworm
Skin looks ring in irritated the and dog’s patterns. dry,Dog,Dog_Ringworm
"Dog. edges circular scaly bald with my on red, spots",Dog,Dog_Ringworm
In looks irritated dry skin my ring and patterns. dog’s,Dog,Dog_Ringworm
Crusty back.. on the lesions and belly round appeared,Dog,Dog_Ringworm
The dog has patchy hair loss around infected areas..,Dog,Dog_Ringworm
Dry and patterns. ring in skin irritated the looks dog’s,Dog,Dog_Ringworm
"Circular bald spots with red, scaly edges on my dog..",Dog,Dog_Ringworm
Back. appeared on lesions belly the round crusty and,Dog,Dog_Ringworm
Appeared belly round on back. and crusty lesions the,Dog,Dog_Ringworm
The lesions belly round back.. appeared crusty on and,Dog,Dog_Ringworm
Dog hair has infected the patchy areas. loss around,Dog,Dog_Ringworm
Infected around patchy loss areas. has dog hair the,Dog,Dog_Ringworm
My dog’s skin looks irritated and dry in ring patterns..,Dog,Dog_Ringworm
Has areas.. hair my infected loss dog around patchy,Dog,Dog_Ringworm
On the crusty round back.. belly lesions appeared and,Dog,Dog_Ringworm
Areas. around hair patchy infected dog loss has my,Dog,Dog_Ringworm
Appeared crusty on and lesions belly back.. the round,Dog,Dog_Ringworm
"Edges bald dog. circular my spots red, scaly on with",Dog,Dog_Ringworm
My dog has patchy hair loss around infected areas..,Dog,Dog_Ringworm
Dry ring skin in and the dog’s irritated looks patterns.,Dog,Dog_Ringworm
On appeared round lesions back. belly crusty and the,Dog,Dog_Ringworm
The dog’s skin looks irritated and dry in ring patterns..,Dog,Dog_Ringworm
"Circular bald spots with red, scaly edges on my dog.",Dog,Dog_Ringworm
Around hair my infected dog patchy areas. loss has,Dog,Dog_Ringworm
Patchy the has hair infected areas.. around loss dog,Dog,Dog_Ringworm
"My dog. on with bald spots scaly edges circular red,",Dog,Dog_Ringworm
Around has areas. hair infected loss patchy dog my,Dog,Dog_Ringworm
Dog loss infected around hair my has areas. patchy,Dog,Dog_Ringworm
Patterns. ring looks my skin and in dry irritated dog’s,Dog,Dog_Ringworm
"On scaly bald circular with dog. edges spots my red,",Dog,Dog_Ringworm
"Spots dog. with on red, my bald edges scaly circular",Dog,Dog_Ringworm
Lesions back.. the on appeared round belly and crusty,Dog,Dog_Ringworm
"My spots red, edges dog. on with bald scaly circular",Dog,Dog_Ringworm
The dog has patchy hair loss around infected areas.,Dog,Dog_Ringworm
Irritated the dog’s skin dry in looks ring patterns. and,Dog,Dog_Ringworm
My dog’s skin looks irritated and dry in ring patterns.,Dog,Dog_Ringworm
Dog’s looks dry irritated and skin ring patterns. in my,Dog,Dog_Ringworm
Intense skin irritation and scaly patches on my dog’s elbows.,Dog,Dog_Scabies
My dog's patches crust and of ears. on missing formation fur,Dog,Dog_Scabies
Formation falling fur dog's off on and my crust ears.,Dog,Dog_Scabies
"With dog.. discomfort skin severe in dry, flaky my",Dog,Dog_Scabies
And elbows.. on my dog’s intense scaly scratching persistent patches,Dog,Dog_Scabies
Off my on fur falling dog's ears. and formation crust,Dog,Dog_Scabies
"Dry, flaky skin with severe discomfort in my dog..",Dog,Dog_Scabies
The bumps. dog red continuously and scratches has,Dog,Dog_Scabies
My bumps. scratches red and dog continuously has,Dog,Dog_Scabies
Intense skin my patches on dog’s and scaly irritation elbows.,Dog,Dog_Scabies
My intense and elbows. scratching persistent dog’s patches scaly on,Dog,Dog_Scabies
On crust dog's ears.. hair formation my shedding and,Dog,Dog_Scabies
Ears.. my crust formation shedding hair dog's and on,Dog,Dog_Scabies
Crust formation and missing patches of fur on my dog's ears.,Dog,Dog_Scabies
Intense elbows. my scaly persistent patches on scratching and dog’s,Dog,Dog_Scabies
Dog continuously red and bumps. the scratches has,Dog,Dog_Scabies
On dog’s and scaly scratching persistent my intense patches elbows.,Dog,Dog_Scabies
Intense constant discomfort and scaly patches on my dog’s elbows..,Dog,Dog_Scabies
Crust formation and hair shedding on my dog's ears.,Dog,Dog_Scabies
Has continuously scratches dog and red bumps. the,Dog,Dog_Scabies
And scratching persistent scaly intense my dog’s on elbows.. patches,Dog,Dog_Scabies
And dog scratches has bumps.. continuously red the,Dog,Dog_Scabies
Intense skin elbows.. my and dog’s on irritation patches scaly,Dog,Dog_Scabies
My dog scratches continuously and has red bumps..,Dog,Dog_Scabies
"Dog.. in discomfort severe skin my flaky with dry,",Dog,Dog_Scabies
Crust formation and missing patches of fur on my dog's ears..,Dog,Dog_Scabies
Crust formation and fur falling off on my dog's ears.,Dog,Dog_Scabies
Intense skin irritation and scaly patches on my dog’s elbows..,Dog,Dog_Scabies
Of on ears. missing crust dog's and my patches fur formation,Dog,Dog_Scabies
"Severe in dry, flaky skin with dog. discomfort my",Dog,Dog_Scabies
My dog scratches continuously and has red bumps.,Dog,Dog_Scabies
The dog scratches continuously and has red bumps..,Dog,Dog_Scabies
"Dry, flaky skin with severe discomfort in my dog.",Dog,Dog_Scabies
The dog scratches continuously and has red bumps.,Dog,Dog_Scabies
Crust formation and hair shedding on my dog's ears..,Dog,Dog_Scabies
Falling and off crust fur on ears.. my dog's formation,Dog,Dog_Scabies
And my dog has bumps. continuously scratches red,Dog,Dog_Scabies
My and formation ears. fur patches crust on dog's missing of,Dog,Dog_Scabies
Scaly dog’s my intense irritation on patches skin and elbows.,Dog,Dog_Scabies
Ears. my and on dog's shedding crust hair formation,Dog,Dog_Scabies
Discomfort scaly intense patches on my constant and elbows. dog’s,Dog,Dog_Scabies
Intense persistent scratching and scaly patches on my dog’s elbows..,Dog,Dog_Scabies
Hair crust dog's shedding ears. on and my formation,Dog,Dog_Scabies
"Flaky in with severe my discomfort skin dog. dry,",Dog,Dog_Scabies
Intense scaly elbows. scratching persistent my patches and dog’s on,Dog,Dog_Scabies
Crust formation and fur falling off on my dog's ears..,Dog,Dog_Scabies
Intense persistent scratching and scaly patches on my dog’s elbows.,Dog,Dog_Scabies
Fur ears. on patches of my crust and dog's formation missing,Dog,Dog_Scabies
Intense constant discomfort and scaly patches on my dog’s elbows.,Dog,Dog_Scabies
"My with in severe discomfort dry, flaky skin dog..",Dog,Dog_Scabies
"Everything problems no at looks fine, all.",Dog,Healthy_Dog
Dog no issues—my eating well.. and is energetic,Dog,Healthy_Dog
Normally acting has skin. and dog is clear the,Dog,Healthy_Dog
My dog is acting normally and has clear skin.,Dog,Healthy_Dog
No issues—my dog is energetic and eating well.,Dog,Healthy_Dog
Is no eating energetic and dog well. issues—my,Dog,Healthy_Dog
"Or itchiness seen.. healthy no fur, redness",Dog,Healthy_Dog
"Looks all.. at no everything problems fine,",Dog,Healthy_Dog
"Itchiness healthy seen. redness or no fur,",Dog,Healthy_Dog
"Healthy fur, no redness or itchiness seen.",Dog,Healthy_Dog
The clear skin.. is and normally acting has dog,Dog,Healthy_Dog
"At everything no all.. looks fine, problems",Dog,Healthy_Dog
"Everything looks fine, no problems at all.",Dog,Healthy_Dog
Eating dog is no and issues—my well. energetic,Dog,Healthy_Dog
The dog is acting normally and has clear skin..,Dog,Healthy_Dog
The has acting is skin.. dog clear normally and,Dog,Healthy_Dog
Acting normally the is and clear dog has skin..,Dog,Healthy_Dog
"Or healthy redness seen. fur, itchiness no",Dog,Healthy_Dog
"Everything looks fine, no problems at all..",Dog,Healthy_Dog
No dog issues—my is well.. and energetic eating,Dog,Healthy_Dog
Skin. normally is the dog clear acting and has,Dog,Healthy_Dog
Dog and eating is issues—my no energetic well.,Dog,Healthy_Dog
"Redness fur, no or seen. healthy itchiness",Dog,Healthy_Dog
No is dog energetic well. issues—my and eating,Dog,Healthy_Dog
Well. and is dog no eating issues—my energetic,Dog,Healthy_Dog
"Everything problems at looks fine, no all.",Dog,Healthy_Dog
And acting normally dog is skin. my clear has,Dog,Healthy_Dog
The dog is acting normally and has clear skin.,Dog,Healthy_Dog
My dog is acting normally and has clear skin..,Dog,Healthy_Dog
"Fur, seen. healthy redness no itchiness or",Dog,Healthy_Dog
"Or fur, redness itchiness seen. healthy no",Dog,Healthy_Dog
Eating well. issues—my energetic no is dog and,Dog,Healthy_Dog
"Healthy seen. or redness itchiness fur, no",Dog,Healthy_Dog
Skin. the and has is clear acting normally dog,Dog,Healthy_Dog
"No seen.. fur, redness itchiness or healthy",Dog,Healthy_Dog
Has dog is normally and skin. clear acting the,Dog,Healthy_Dog
Dog issues—my eating energetic no is and well.,Dog,Healthy_Dog
Acting is dog and clear my normally skin. has,Dog,Healthy_Dog
No energetic well. is and issues—my eating dog,Dog,Healthy_Dog
"Seen. redness itchiness no fur, healthy or",Dog,Healthy_Dog
Issues—my well.. is no eating dog energetic and,Dog,Healthy_Dog
No and eating dog energetic is well.. issues—my,Dog,Healthy_Dog
"Seen. or redness no itchiness healthy fur,",Dog,Healthy_Dog
My and acting has dog normally clear is skin.,Dog,Healthy_Dog
"Itchiness healthy seen.. or no fur, redness",Dog,Healthy_Dog
No issues—my dog is energetic and eating well..,Dog,Healthy_Dog
"Healthy fur, no redness or itchiness seen..",Dog,Healthy_Dog
"Problems looks at all. fine, everything no",Dog,Healthy_Dog
"Everything all. looks no fine, at problems",Dog,Healthy_Dog
"No looks fine, everything all. problems at",Dog,Healthy_Dog
"Red, licking keeps the dog a spot. inflamed",Dog,Hotspot
"Spot.. the dog a red, keeps licking inflamed",Dog,Hotspot
"Leg. area on swollen, the infected visible dog’s",Dog,Hotspot
Back.. with wound loss the hair on oozing,Dog,Hotspot
"The dog’s leg. infected swollen, visible area on",Dog,Hotspot
"On developed neck. painful moist, sores my dog's",Dog,Hotspot
"Neck. dog's painful developed moist, sores on my",Dog,Hotspot
"My dog keeps licking a red, inflamed spot..",Dog,Hotspot
"Neck. sores developed moist, painful on my dog's",Dog,Hotspot
"On the dog’s leg.. area swollen, visible infected",Dog,Hotspot
Oozing wound with hair loss on the back..,Dog,Hotspot
"Swollen, infected area visible on the dog’s leg..",Dog,Hotspot
"Spot.. licking dog red, inflamed the keeps a",Dog,Hotspot
Oozing the wound back.. with loss hair on,Dog,Hotspot
"Dog's sores moist, on neck. my developed painful",Dog,Hotspot
"Painful dog's neck. moist, my sores developed on",Dog,Hotspot
"Moist, dog's sores painful my developed neck.. on",Dog,Hotspot
"Dog a licking my keeps red, inflamed spot.",Dog,Hotspot
"Keeps inflamed red, a licking dog spot. my",Dog,Hotspot
On with back.. oozing hair the loss wound,Dog,Hotspot
"Inflamed licking keeps red, spot. dog my a",Dog,Hotspot
Loss on the oozing wound back. with hair,Dog,Hotspot
"Swollen, dog’s visible area infected the on leg.",Dog,Hotspot
Loss with hair back. on wound oozing the,Dog,Hotspot
With the loss hair on oozing wound back..,Dog,Hotspot
"Moist, painful sores developed on my dog's neck.",Dog,Hotspot
"Swollen, dog’s area leg. the visible on infected",Dog,Hotspot
On oozing the with wound loss back. hair,Dog,Hotspot
"Red, licking spot.. dog keeps a my inflamed",Dog,Hotspot
"Inflamed dog spot. licking my keeps red, a",Dog,Hotspot
"My dog keeps licking a red, inflamed spot.",Dog,Hotspot
Hair wound oozing the on back.. with loss,Dog,Hotspot
"Red, spot.. dog inflamed licking the a keeps",Dog,Hotspot
Back.. loss on with oozing the hair wound,Dog,Hotspot
Oozing wound with hair loss on the back.,Dog,Hotspot
"Red, licking keeps dog the a spot. inflamed",Dog,Hotspot
"Moist, painful sores developed on my dog's neck..",Dog,Hotspot
The back. wound on loss hair with oozing,Dog,Hotspot
"Moist, neck. sores painful my on developed dog's",Dog,Hotspot
"Neck. dog's on moist, sores developed my painful",Dog,Hotspot
"Keeps a my licking red, dog inflamed spot.",Dog,Hotspot
"Licking my inflamed keeps a dog red, spot.",Dog,Hotspot
"Licking red, keeps inflamed my dog a spot.",Dog,Hotspot
"On moist, my developed sores painful neck.. dog's",Dog,Hotspot
"The dog keeps licking a red, inflamed spot..",Dog,Hotspot
"Swollen, infected area visible on the dog’s leg.",Dog,Hotspot
"My moist, neck. painful on sores dog's developed",Dog,Hotspot
"Inflamed dog a licking the keeps spot. red,",Dog,Hotspot
"The dog keeps licking a red, inflamed spot.",Dog,Hotspot
"Dog keeps a inflamed the red, licking spot.",Dog,Hotspot
Wounds open the on red fish. lesions and,Fish,Aeromoniasis Bacterial diseases
Bloody not eating has is streaks. fish and,Fish,Aeromoniasis Bacterial diseases
"On erratic body, sores with red fish swimming..",Fish,Aeromoniasis Bacterial diseases
Bloody fish streaks. eating and not has is,Fish,Aeromoniasis Bacterial diseases
"Looks sluggish.. fish ulcers near bleeding fins,",Fish,Aeromoniasis Bacterial diseases
"Body, sores fish swimming.. red with on erratic",Fish,Aeromoniasis Bacterial diseases
"Red sores on fish body, with erratic swimming.",Fish,Aeromoniasis Bacterial diseases
Streaks.. bloody has eating fish not is and,Fish,Aeromoniasis Bacterial diseases
"Bleeding ulcers near fins, fish looks sluggish.",Fish,Aeromoniasis Bacterial diseases
"Fish looks near ulcers bleeding sluggish. fins,",Fish,Aeromoniasis Bacterial diseases
Eating bloody not and is has fish streaks.,Fish,Aeromoniasis Bacterial diseases
"Sores body, with red on erratic swimming.. fish",Fish,Aeromoniasis Bacterial diseases
"Fins, sluggish.. looks fish near bleeding ulcers",Fish,Aeromoniasis Bacterial diseases
And eating not bloody is has streaks. fish,Fish,Aeromoniasis Bacterial diseases
"Fish swimming. on erratic with sores body, red",Fish,Aeromoniasis Bacterial diseases
Open lesions the wounds on fish. and red,Fish,Aeromoniasis Bacterial diseases
"Erratic swimming.. body, with fish on sores red",Fish,Aeromoniasis Bacterial diseases
"Red sores on fish body, with erratic swimming..",Fish,Aeromoniasis Bacterial diseases
Wounds on the and red lesions fish. open,Fish,Aeromoniasis Bacterial diseases
Is bloody streaks.. and eating fish has not,Fish,Aeromoniasis Bacterial diseases
"On fish body, swimming. sores with erratic red",Fish,Aeromoniasis Bacterial diseases
"With red sores fish body, erratic swimming.. on",Fish,Aeromoniasis Bacterial diseases
"Near looks fish sluggish. bleeding fins, ulcers",Fish,Aeromoniasis Bacterial diseases
"Fish with red swimming. erratic sores on body,",Fish,Aeromoniasis Bacterial diseases
"On red sores fish swimming. with body, erratic",Fish,Aeromoniasis Bacterial diseases
Wounds on fish.. and open lesions the red,Fish,Aeromoniasis Bacterial diseases
Has not eating bloody streaks. fish is and,Fish,Aeromoniasis Bacterial diseases
On wounds the open red and fish. lesions,Fish,Aeromoniasis Bacterial diseases
Open wounds and red lesions on the fish..,Fish,Aeromoniasis Bacterial diseases
"Near looks fins, bleeding fish sluggish. ulcers",Fish,Aeromoniasis Bacterial diseases
"Looks ulcers fish fins, sluggish. near bleeding",Fish,Aeromoniasis Bacterial diseases
And fish has streaks. is bloody eating not,Fish,Aeromoniasis Bacterial diseases
On the red open lesions wounds and fish.,Fish,Aeromoniasis Bacterial diseases
Fish is not eating and has bloody streaks..,Fish,Aeromoniasis Bacterial diseases
Is and not eating has streaks.. bloody fish,Fish,Aeromoniasis Bacterial diseases
"Ulcers bleeding fins, sluggish. looks fish near",Fish,Aeromoniasis Bacterial diseases
Open wounds and red lesions on the fish.,Fish,Aeromoniasis Bacterial diseases
On wounds fish. the open red lesions and,Fish,Aeromoniasis Bacterial diseases
The on fish. open lesions red and wounds,Fish,Aeromoniasis Bacterial diseases
"Looks bleeding fins, near fish ulcers sluggish.",Fish,Aeromoniasis Bacterial diseases
"Sluggish.. looks near bleeding fins, ulcers fish",Fish,Aeromoniasis Bacterial diseases
"Bleeding fins, fish near sluggish. looks ulcers",Fish,Aeromoniasis Bacterial diseases
"Sores body, red with on swimming.. erratic fish",Fish,Aeromoniasis Bacterial diseases
"Bleeding ulcers near fins, fish looks sluggish..",Fish,Aeromoniasis Bacterial diseases
"Near looks sluggish. fins, ulcers fish bleeding",Fish,Aeromoniasis Bacterial diseases
Not fish has streaks. is bloody and eating,Fish,Aeromoniasis Bacterial diseases
Red the fish. lesions and wounds open on,Fish,Aeromoniasis Bacterial diseases
And the fish. open red wounds on lesions,Fish,Aeromoniasis Bacterial diseases
Has and fish not bloody is streaks.. eating,Fish,Aeromoniasis Bacterial diseases
Fish is not eating and has bloody streaks.,Fish,Aeromoniasis Bacterial diseases
Gill covers inflamed and look reddish.,Fish,Bacterial disease gill
Fish. gills and rapid swollen noticed breathing in,Fish,Bacterial disease gill
Surface and has mucus gasping at the buildup. fish is,Fish,Bacterial disease gill
Rapid breathing fish. swollen noticed in gills and,Fish,Bacterial disease gill
In rapid gills breathing swollen fish. noticed and,Fish,Bacterial disease gill
Swollen fish. noticed breathing rapid gills and in,Fish,Bacterial disease gill
Mucus at surface has is buildup. the and fish gasping,Fish,Bacterial disease gill
Has fish is buildup. and the mucus at surface gasping,Fish,Bacterial disease gill
Lethargic fish.. in pale behavior gills and,Fish,Bacterial disease gill
Fish. behavior pale lethargic gills and in,Fish,Bacterial disease gill
Behavior fish. and pale in gills lethargic,Fish,Bacterial disease gill
And pale in gills behavior fish. lethargic,Fish,Bacterial disease gill
Swollen gills and rapid breathing noticed in fish.,Fish,Bacterial disease gill
And the mucus gasping at is surface buildup. has fish,Fish,Bacterial disease gill
Pale and behavior gills lethargic fish. in,Fish,Bacterial disease gill
At buildup.. has fish surface the mucus is gasping and,Fish,Bacterial disease gill
Has fish gasping and buildup. the mucus surface is at,Fish,Bacterial disease gill
Breathing and gills swollen rapid noticed in fish..,Fish,Bacterial disease gill
In and lethargic pale behavior fish. gills,Fish,Bacterial disease gill
The mucus buildup. surface fish gasping has and at is,Fish,Bacterial disease gill
Fish is gasping at the surface and has mucus buildup..,Fish,Bacterial disease gill
Fish. in and rapid breathing swollen noticed gills,Fish,Bacterial disease gill
Is and gasping surface buildup. fish has the at mucus,Fish,Bacterial disease gill
Lethargic behavior and pale gills in fish..,Fish,Bacterial disease gill
And pale gills behavior fish. in lethargic,Fish,Bacterial disease gill
Pale fish. in and gills behavior lethargic,Fish,Bacterial disease gill
Gill covers inflamed and look reddish..,Fish,Bacterial disease gill
The gasping fish surface at is mucus and buildup.. has,Fish,Bacterial disease gill
Swollen rapid noticed gills in breathing fish. and,Fish,Bacterial disease gill
Lethargic fish.. gills in behavior and pale,Fish,Bacterial disease gill
Has gasping and the at surface is buildup. mucus fish,Fish,Bacterial disease gill
Swollen gills and rapid breathing noticed in fish..,Fish,Bacterial disease gill
Behavior gills in lethargic fish. and pale,Fish,Bacterial disease gill
And fish. lethargic in behavior pale gills,Fish,Bacterial disease gill
Lethargic behavior and pale gills in fish.,Fish,Bacterial disease gill
Rapid breathing in fish. gills noticed and swollen,Fish,Bacterial disease gill
Is and the mucus surface at has gasping fish buildup.,Fish,Bacterial disease gill
Gills and noticed rapid in swollen fish. breathing,Fish,Bacterial disease gill
Behavior and fish. lethargic gills in pale,Fish,Bacterial disease gill
Breathing in swollen noticed rapid fish. and gills,Fish,Bacterial disease gill
Pale in behavior gills lethargic and fish..,Fish,Bacterial disease gill
Breathing gills and fish. rapid swollen in noticed,Fish,Bacterial disease gill
Fish is gasping at the surface and has mucus buildup.,Fish,Bacterial disease gill
Gills breathing and swollen in noticed rapid fish.,Fish,Bacterial disease gill
Buildup. mucus and has is the at gasping surface fish,Fish,Bacterial disease gill
Gills and fish. noticed breathing in rapid swollen,Fish,Bacterial disease gill
Rapid gills and swollen noticed fish. in breathing,Fish,Bacterial disease gill
Breathing and noticed in gills rapid fish.. swollen,Fish,Bacterial disease gill
And behavior lethargic gills pale fish. in,Fish,Bacterial disease gill
Fish. pale behavior in gills and lethargic,Fish,Bacterial disease gill
Bright and on fins body.. blotches fish red,Fish,Bacterial Red disease
Red fins fish and bright on blotches body.,Fish,Bacterial Red disease
Fish body. on red and fins bright blotches,Fish,Bacterial Red disease
And appears against sick.. rubbing surfaces is fish tank,Fish,Bacterial Red disease
"Fish and seems gills, near stressed. mouth redness",Fish,Bacterial Red disease
"Redness near mouth and gills, fish seems stressed.",Fish,Bacterial Red disease
"Seems redness fish gills, near stressed. and mouth",Fish,Bacterial Red disease
"Redness seems stressed. fish and mouth near gills,",Fish,Bacterial Red disease
Bright red blotches on fish fins and body.,Fish,Bacterial Red disease
"Near gills, redness stressed. fish seems and mouth",Fish,Bacterial Red disease
Tail. red forming the near wounds ulcers and,Fish,Bacterial Red disease
Ulcers near red wounds tail.. forming the and,Fish,Bacterial Red disease
Fish sick.. surfaces is rubbing appears against tank and,Fish,Bacterial Red disease
Sick.. tank surfaces against is rubbing and fish appears,Fish,Bacterial Red disease
Near tail. forming red wounds the ulcers and,Fish,Bacterial Red disease
Surfaces is tank against appears sick. fish rubbing and,Fish,Bacterial Red disease
Wounds red the tail.. and near forming ulcers,Fish,Bacterial Red disease
"Gills, fish redness near and mouth seems stressed.",Fish,Bacterial Red disease
Ulcers and red wounds forming near the tail.,Fish,Bacterial Red disease
Fish is rubbing against tank surfaces and appears sick.,Fish,Bacterial Red disease
Against is surfaces appears fish tank rubbing and sick.,Fish,Bacterial Red disease
"Near fish and seems gills, redness mouth stressed.",Fish,Bacterial Red disease
Ulcers forming near wounds and red tail. the,Fish,Bacterial Red disease
Red forming near tail. ulcers wounds and the,Fish,Bacterial Red disease
Red and forming tail. wounds near ulcers the,Fish,Bacterial Red disease
Fish is rubbing against tank surfaces and appears sick..,Fish,Bacterial Red disease
Tail.. and the forming red ulcers near wounds,Fish,Bacterial Red disease
Ulcers and red wounds forming near the tail..,Fish,Bacterial Red disease
"Fish near stressed. redness mouth gills, seems and",Fish,Bacterial Red disease
Bright body. red blotches and fins on fish,Fish,Bacterial Red disease
Against surfaces rubbing sick. and is fish tank appears,Fish,Bacterial Red disease
"Redness seems near fish stressed.. mouth gills, and",Fish,Bacterial Red disease
"Fish seems near gills, redness stressed.. and mouth",Fish,Bacterial Red disease
And forming tail.. wounds near the ulcers red,Fish,Bacterial Red disease
Bright fins red and fish body.. blotches on,Fish,Bacterial Red disease
"Near mouth redness seems gills, stressed.. and fish",Fish,Bacterial Red disease
Blotches fish on and fins bright body.. red,Fish,Bacterial Red disease
Sick.. tank appears and surfaces is rubbing against fish,Fish,Bacterial Red disease
Bright red blotches on fish fins and body..,Fish,Bacterial Red disease
"Mouth fish gills, seems and near redness stressed.",Fish,Bacterial Red disease
"Seems and redness fish stressed.. near gills, mouth",Fish,Bacterial Red disease
Tank rubbing fish appears sick.. against surfaces is and,Fish,Bacterial Red disease
Appears against rubbing is and fish surfaces tank sick..,Fish,Bacterial Red disease
Wounds the near and ulcers forming tail. red,Fish,Bacterial Red disease
"Seems and mouth near fish stressed. gills, redness",Fish,Bacterial Red disease
"Redness near mouth and gills, fish seems stressed..",Fish,Bacterial Red disease
And near wounds the forming red ulcers tail.,Fish,Bacterial Red disease
Near forming tail.. red ulcers the wounds and,Fish,Bacterial Red disease
"Mouth and near gills, seems redness fish stressed.",Fish,Bacterial Red disease
Forming the ulcers and near red tail. wounds,Fish,Bacterial Red disease
Body. fins cotton-like and on growths the white,Fish,Fungal Saprolegniasis diseases
Seen mold growth body. fish’s fluffy on,Fish,Fungal Saprolegniasis diseases
On body.. growths fins the cotton-like white and,Fish,Fungal Saprolegniasis diseases
White cotton-like growths on the fins and body.,Fish,Fungal Saprolegniasis diseases
Spreading white scales.. fish spots across milky fuzzy,Fish,Fungal Saprolegniasis diseases
Is and fish bottom staying near the fungus. visible has,Fish,Fungal Saprolegniasis diseases
And body. growths on white cotton-like the fins,Fish,Fungal Saprolegniasis diseases
Growth mold fluffy fish’s body.. on seen,Fish,Fungal Saprolegniasis diseases
Fish is staying near the bottom and has visible fungus.,Fish,Fungal Saprolegniasis diseases
Fluffy fish’s seen growth on body.. mold,Fish,Fungal Saprolegniasis diseases
White on growths fins the cotton-like and body.,Fish,Fungal Saprolegniasis diseases
Fish’s body. mold growth on fluffy seen,Fish,Fungal Saprolegniasis diseases
On fluffy seen body. fish’s mold growth,Fish,Fungal Saprolegniasis diseases
And fungus.. near visible the has bottom fish is staying,Fish,Fungal Saprolegniasis diseases
Fuzzy milky white spots spreading across fish scales..,Fish,Fungal Saprolegniasis diseases
Fish skin faded scales. spreading across fuzzy patches,Fish,Fungal Saprolegniasis diseases
Fluffy mold growth seen on fish’s body..,Fish,Fungal Saprolegniasis diseases
Fuzzy faded skin patches spreading across fish scales.,Fish,Fungal Saprolegniasis diseases
Across spots scales. milky white fuzzy spreading fish,Fish,Fungal Saprolegniasis diseases
Fish’s mold seen on growth body. fluffy,Fish,Fungal Saprolegniasis diseases
Spots fish scales.. milky spreading fuzzy across white,Fish,Fungal Saprolegniasis diseases
Areas pale scales.. fuzzy fish spreading across discolored,Fish,Fungal Saprolegniasis diseases
The near fish and bottom has fungus. staying visible is,Fish,Fungal Saprolegniasis diseases
Scales. white spreading milky fish across spots fuzzy,Fish,Fungal Saprolegniasis diseases
Scales.. fish faded spreading across patches skin fuzzy,Fish,Fungal Saprolegniasis diseases
Across spreading areas scales.. pale fuzzy discolored fish,Fish,Fungal Saprolegniasis diseases
Staying the near fungus. is bottom fish has and visible,Fish,Fungal Saprolegniasis diseases
Spreading skin fuzzy fish scales. patches across faded,Fish,Fungal Saprolegniasis diseases
The body.. on growths cotton-like fins and white,Fish,Fungal Saprolegniasis diseases
Pale across spreading fish fuzzy scales. areas discolored,Fish,Fungal Saprolegniasis diseases
Is the near bottom and has visible fungus. fish staying,Fish,Fungal Saprolegniasis diseases
Milky scales.. spreading across spots fuzzy white fish,Fish,Fungal Saprolegniasis diseases
Staying bottom visible near fish the and fungus. is has,Fish,Fungal Saprolegniasis diseases
Fuzzy pale discolored areas spreading across fish scales..,Fish,Fungal Saprolegniasis diseases
The bottom is staying and fungus.. visible near fish has,Fish,Fungal Saprolegniasis diseases
Body.. fish’s seen growth on mold fluffy,Fish,Fungal Saprolegniasis diseases
Faded patches scales. skin across fuzzy spreading fish,Fish,Fungal Saprolegniasis diseases
Seen on mold fish’s body. fluffy growth,Fish,Fungal Saprolegniasis diseases
The on fins white cotton-like and body.. growths,Fish,Fungal Saprolegniasis diseases
Fuzzy pale discolored areas spreading across fish scales.,Fish,Fungal Saprolegniasis diseases
Fluffy mold growth seen on fish’s body.,Fish,Fungal Saprolegniasis diseases
Fuzzy milky white spots spreading across fish scales.,Fish,Fungal Saprolegniasis diseases
Staying and the fungus.. bottom visible near has fish is,Fish,Fungal Saprolegniasis diseases
On body. growths white the and cotton-like fins,Fish,Fungal Saprolegniasis diseases
Skin faded scales. patches fish across fuzzy spreading,Fish,Fungal Saprolegniasis diseases
Fish is staying near the bottom and has visible fungus..,Fish,Fungal Saprolegniasis diseases
Mold growth body. seen on fluffy fish’s,Fish,Fungal Saprolegniasis diseases
Body. on growth mold fish’s seen fluffy,Fish,Fungal Saprolegniasis diseases
Bottom and near has staying fungus.. fish is visible the,Fish,Fungal Saprolegniasis diseases
White cotton-like growths on the fins and body..,Fish,Fungal Saprolegniasis diseases
Signs with fish swimming illness. of is no actively visible,Fish,Healthy Fish
"Eyes, clear behavior. scales, normal smooth and feeding",Fish,Healthy Fish
Is fish swimming no actively with of illness.. signs visible,Fish,Healthy Fish
Healthy. spots; very or fish no appears lesions,Fish,Healthy Fish
"Clear smooth behavior.. feeding scales, and eyes, normal",Fish,Healthy Fish
Appears no very spots; healthy. fish or lesions,Fish,Healthy Fish
Seems in no everything fine; symptoms unusual fish.,Fish,Healthy Fish
Fine; symptoms no seems in unusual everything fish.,Fish,Healthy Fish
"Smooth normal and scales, eyes, behavior.. clear feeding",Fish,Healthy Fish
Illness.. actively swimming with fish of is visible no signs,Fish,Healthy Fish
Healthy. very spots; lesions no appears fish or,Fish,Healthy Fish
In unusual symptoms everything no fish. fine; seems,Fish,Healthy Fish
"Scales, behavior. and normal smooth feeding eyes, clear",Fish,Healthy Fish
Spots; lesions very appears no fish healthy.. or,Fish,Healthy Fish
Very no fish or appears lesions spots; healthy.,Fish,Healthy Fish
Fish is swimming actively with no visible signs of illness.,Fish,Healthy Fish
No fish lesions spots; or healthy. very appears,Fish,Healthy Fish
Fish illness. no of visible actively swimming signs is with,Fish,Healthy Fish
Everything seems fine; no unusual symptoms in fish..,Fish,Healthy Fish
With illness. actively swimming visible is no fish signs of,Fish,Healthy Fish
Illness.. of no signs visible fish actively is swimming with,Fish,Healthy Fish
Fish is signs illness.. actively visible swimming of with no,Fish,Healthy Fish
Fish is swimming actively with no visible signs of illness..,Fish,Healthy Fish
No lesions or spots; fish appears very healthy..,Fish,Healthy Fish
Fish healthy. appears lesions spots; no very or,Fish,Healthy Fish
"Behavior.. feeding smooth and scales, eyes, normal clear",Fish,Healthy Fish
Fine; unusual no everything in symptoms fish. seems,Fish,Healthy Fish
Fish. symptoms fine; in no unusual seems everything,Fish,Healthy Fish
"Scales, clear smooth behavior. and normal feeding eyes,",Fish,Healthy Fish
Lesions spots; fish appears or no healthy. very,Fish,Healthy Fish
Illness.. signs no is of fish visible swimming actively with,Fish,Healthy Fish
"Clear eyes, smooth scales, and normal feeding behavior.",Fish,Healthy Fish
Very or appears healthy. spots; lesions fish no,Fish,Healthy Fish
Fish swimming of with illness.. actively is no visible signs,Fish,Healthy Fish
"Clear behavior. smooth feeding scales, normal and eyes,",Fish,Healthy Fish
"Clear eyes, smooth scales, and normal feeding behavior..",Fish,Healthy Fish
Illness. signs of swimming with visible is fish no actively,Fish,Healthy Fish
Spots; appears fish or no healthy.. lesions very,Fish,Healthy Fish
No lesions or spots; fish appears very healthy.,Fish,Healthy Fish
Visible no with of swimming is fish illness. signs actively,Fish,Healthy Fish
"Smooth eyes, clear and feeding scales, normal behavior.",Fish,Healthy Fish
"Scales, normal behavior. feeding and smooth eyes, clear",Fish,Healthy Fish
With is illness.. fish of visible swimming actively signs no,Fish,Healthy Fish
Seems in symptoms fine; unusual everything fish. no,Fish,Healthy Fish
Or very fish appears spots; no healthy.. lesions,Fish,Healthy Fish
"Behavior. normal smooth and feeding clear scales, eyes,",Fish,Healthy Fish
Everything seems fine; no unusual symptoms in fish.,Fish,Healthy Fish
Fish.. everything no symptoms seems unusual fine; in,Fish,Healthy Fish
"Eyes, and normal clear smooth scales, behavior.. feeding",Fish,Healthy Fish
Swimming of signs actively no with fish is illness. visible,Fish,Healthy Fish
Irritated its and flicks frequently. appears body fish,Fish,Parasitic diseases
Mucus seen on parasites visible and gills.. excessive,Fish,Parasitic diseases
And on parasites excessive gills.. mucus seen visible,Fish,Parasitic diseases
Fish is rubbing against objects and breathing fast.,Fish,Parasitic diseases
Breathing fish fast.. objects is rubbing against and,Fish,Parasitic diseases
Body. dots fins and cover small white the fish’s,Fish,Parasitic diseases
And small cover white dots body.. the fish’s fins,Fish,Parasitic diseases
Gills. seen visible and mucus on parasites excessive,Fish,Parasitic diseases
Breathing against is objects fish fast.. and rubbing,Fish,Parasitic diseases
Seen gills.. and parasites excessive mucus visible on,Fish,Parasitic diseases
Small and body. the white cover dots fish’s fins,Fish,Parasitic diseases
Fish is rubbing against objects and breathing fast..,Fish,Parasitic diseases
Objects against fish is and rubbing fast.. breathing,Fish,Parasitic diseases
Excessive visible seen mucus gills.. and on parasites,Fish,Parasitic diseases
And excessive mucus on gills. visible parasites seen,Fish,Parasitic diseases
Appears fish frequently. its flicks irritated and body,Fish,Parasitic diseases
Its irritated appears and frequently. flicks body fish,Fish,Parasitic diseases
Mucus seen visible gills.. parasites and excessive on,Fish,Parasitic diseases
Appears its frequently. flicks body and fish irritated,Fish,Parasitic diseases
The dots body. white small fins fish’s and cover,Fish,Parasitic diseases
Rubbing fast. breathing and is against fish objects,Fish,Parasitic diseases
Frequently.. its flicks appears irritated body and fish,Fish,Parasitic diseases
Against fast.. breathing fish and objects rubbing is,Fish,Parasitic diseases
Appears body its and frequently. irritated flicks fish,Fish,Parasitic diseases
The dots and fish’s small white cover fins body.,Fish,Parasitic diseases
Dots fish’s fins white the body.. small and cover,Fish,Parasitic diseases
Rubbing breathing fish and against objects is fast..,Fish,Parasitic diseases
Fish’s the small and body. fins white dots cover,Fish,Parasitic diseases
Fish appears frequently. body and flicks its irritated,Fish,Parasitic diseases
Visible parasites and excessive mucus seen on gills..,Fish,Parasitic diseases
Small white dots cover the fish’s fins and body..,Fish,Parasitic diseases
Cover fish’s white the small and fins dots body.,Fish,Parasitic diseases
Gills. excessive seen on mucus and visible parasites,Fish,Parasitic diseases
Mucus on excessive parasites and seen visible gills.,Fish,Parasitic diseases
Parasites and on seen gills. visible mucus excessive,Fish,Parasitic diseases
Small dots white fins cover and the body. fish’s,Fish,Parasitic diseases
Gills. on mucus visible excessive seen parasites and,Fish,Parasitic diseases
Fish flicks its body appears and irritated frequently..,Fish,Parasitic diseases
White fish’s fins body. dots cover and small the,Fish,Parasitic diseases
Dots white and cover body. fins the small fish’s,Fish,Parasitic diseases
Visible excessive gills. parasites and seen on mucus,Fish,Parasitic diseases
Fish appears irritated and flicks its body frequently..,Fish,Parasitic diseases
Visible and mucus seen on parasites gills. excessive,Fish,Parasitic diseases
Dots and fish’s small white the body. fins cover,Fish,Parasitic diseases
Visible parasites and excessive mucus seen on gills.,Fish,Parasitic diseases
Mucus seen and excessive on parasites gills.. visible,Fish,Parasitic diseases
Small white dots cover the fish’s fins and body.,Fish,Parasitic diseases
Seen gills. visible on mucus parasites and excessive,Fish,Parasitic diseases
Against breathing is and fast.. objects fish rubbing,Fish,Parasitic diseases
Fish appears irritated and flicks its body frequently.,Fish,Parasitic diseases
Weak discoloration in fish. and swimming pale behavior,Fish,Viral White disease diseases tail
The across lesions tail. soft spreading white,Fish,Viral White disease diseases tail
Tail fins turning white and beginning to fray.,Fish,Viral White disease diseases tail
In patches tail fish. white and seen rotting,Fish,Viral White disease diseases tail
Soft white lesions spreading across the tail..,Fish,Viral White disease diseases tail
Pale discoloration and weak swimming behavior in fish..,Fish,Viral White disease diseases tail
Turning white fins tail beginning and fray. to,Fish,Viral White disease diseases tail
Patches fish. and seen white section decomposing tail in,Fish,Viral White disease diseases tail
Fins fray.. and tail to beginning white turning,Fish,Viral White disease diseases tail
White patches and tail fin decay seen in fish.,Fish,Viral White disease diseases tail
White in tail fin seen fish.. decay patches and,Fish,Viral White disease diseases tail
Soft tail. white lesions across the spreading,Fish,Viral White disease diseases tail
White in and fish. patches rotting tail seen,Fish,Viral White disease diseases tail
Rotting and white tail seen in patches fish.,Fish,Viral White disease diseases tail
Tail. across white the soft spreading lesions,Fish,Viral White disease diseases tail
Patches rotting and seen fish.. white in tail,Fish,Viral White disease diseases tail
White patches and decomposing tail section seen in fish.,Fish,Viral White disease diseases tail
Soft white lesions spreading across the tail.,Fish,Viral White disease diseases tail
Fish. tail in and patches white decomposing seen section,Fish,Viral White disease diseases tail
Swimming and in fish. behavior pale weak discoloration,Fish,Viral White disease diseases tail
Discoloration swimming pale fish. weak and behavior in,Fish,Viral White disease diseases tail
Spreading white tail.. across lesions the soft,Fish,Viral White disease diseases tail
White patches and decomposing tail section seen in fish..,Fish,Viral White disease diseases tail
Seen patches rotting tail in and fish.. white,Fish,Viral White disease diseases tail
Seen rotting fish. tail white and in patches,Fish,Viral White disease diseases tail
Tail turning fins white beginning to and fray.,Fish,Viral White disease diseases tail
White patches and tail fin decay seen in fish..,Fish,Viral White disease diseases tail
Tail in rotting patches fish. and white seen,Fish,Viral White disease diseases tail
Swimming pale fish. and discoloration behavior in weak,Fish,Viral White disease diseases tail
Tail white turning fins beginning to and fray.,Fish,Viral White disease diseases tail
Beginning white and to turning tail fins fray..,Fish,Viral White disease diseases tail
White across spreading lesions soft the tail.,Fish,Viral White disease diseases tail
To beginning and white tail fray. turning fins,Fish,Viral White disease diseases tail
White spreading lesions soft across the tail.,Fish,Viral White disease diseases tail
Lesions soft the across spreading white tail.,Fish,Viral White disease diseases tail
Discoloration behavior and in fish.. pale weak swimming,Fish,Viral White disease diseases tail
Tail beginning fins fray. to and white turning,Fish,Viral White disease diseases tail
Turning beginning to tail and fins white fray.,Fish,Viral White disease diseases tail
Pale discoloration and weak swimming behavior in fish.,Fish,Viral White disease diseases tail
Patches section fish.. tail decomposing and white in seen,Fish,Viral White disease diseases tail
And white decomposing seen tail fish. in section patches,Fish,Viral White disease diseases tail
And decay fin fish. seen tail in white patches,Fish,Viral White disease diseases tail
Turning beginning white and fins tail to fray.,Fish,Viral White disease diseases tail
And fish. pale weak discoloration swimming in behavior,Fish,Viral White disease diseases tail
White patches and rotting tail seen in fish.,Fish,Viral White disease diseases tail
Beginning tail fins white to turning and fray.,Fish,Viral White disease diseases tail
Soft lesions the tail. white across spreading,Fish,Viral White disease diseases tail
Tail fins turning white and beginning to fray..,Fish,Viral White disease diseases tail
Tail fins white beginning and fray. turning to,Fish,Viral White disease diseases tail
White patches and rotting tail seen in fish..,Fish,Viral White disease diseases tail
